symbol,bid_size,bid,ask,ask_size,last,change,open,high,low,previous_close,turnover,volume,operations,datetime,expiration,strike,kind,underlying_asset
A30C33608F,,,,,,,,,,15750.4,,,,,2024-02-27,33608.0,CALL,AL30
A30C34608F,,,,,,,,,,12518.4,,,,,2024-02-27,34608.0,CALL,AL30
A30C36000F,,,,,,,,,,10889.6,,,,,2024-02-27,36000.0,CALL,AL30
A30C37000F,50.0,10838.4,11254.2,50.0,,,,,,10879.6,,,,,2024-02-27,37000.0,CALL,AL30
A30C38000F,50.0,9852.0,10392.3,50.0,,,,,,9639.6,,,,,2024-02-27,38000.0,CALL,AL30
A30V38000F,,,,,,,,,,181.0,,,,,2024-02-27,38000.0,PUT,AL30
A30C38608F,50.0,9252.3,9882.2,50.0,,,,,,12767.0,,,,,2024-02-27,38608.0,CALL,AL30
A30V38608F,,,,,,,,,,204.0,,,,,2024-02-27,38608.0,PUT,AL30
A30C39608F,,,,,,,,,,11000.0,,,,,2024-02-27,39608.0,CALL,AL30
A30V39608F,,,,,,,,,,246.0,,,,,2024-02-27,39608.0,PUT,AL30
A30C40608F,50.0,7279.5,8289.3,50.0,,,,,,10412.4,,,,,2024-02-27,40608.0,CALL,AL30
A30C42000F,50.0,5906.4,7086.0,1.0,,,,,,10888.0,,,,,2024-02-27,42000.0,CALL,AL30
A30C43000F,50.0,4910.0,6322.0,1.0,,,,,,6252.5,,,,,2024-02-27,43000.0,CALL,AL30
A30V43000F,,,,,,,,,,200.0,,,,,2024-02-27,43000.0,PUT,AL30
A30C43608F,50.0,4315.3,5890.0,1.0,,,,,,11660.0,,,,,2024-02-27,43608.0,CALL,AL30
A30V43608F,,,,,,,,,,1000.0,,,,,2024-02-27,43608.0,PUT,AL30
A30C49000F,1.0,203.0,2387.0,1.0,,,,,,1108.0,,,,,2024-02-27,49000.0,CALL,AL30
A30V49000F,50.0,1631.8,4657.5,50.0,,,,,,1380.0,,,,,2024-02-27,49000.0,PUT,AL30
A30C50000F,50.0,18.1,2941.4,50.0,,,,,,1200.0,,,,,2024-02-27,50000.0,CALL,AL30
A30V50000F,50.0,2635.8,5283.5,50.0,,,,,,,,,,,2024-02-27,50000.0,PUT,AL30
A30C51000F,50.0,1.6,1500.0,100.0,,,,,,500.0,,,,,2024-02-27,51000.0,CALL,AL30
A30V51000F,50.0,3630.1,5944.2,50.0,,,,,,,,,,,2024-02-27,51000.0,PUT,AL30
A30C52000F,50.0,0.1,1500.0,1.0,,,,,,979.0,,,,,2024-02-27,52000.0,CALL,AL30
A30V52000F,50.0,4629.4,6640.2,50.0,,,,,,,,,,,2024-02-27,52000.0,PUT,AL30
UA0C39.0FE,,,,,,,,,,6.733,,,,,2024-02-27,39.0,CALL,AL30D
ALUC850.MA,1.0,35.0,110.0,3.0,,,,,,120.0,,,,,2024-03-15,850.0,CALL,ALUA
ALUC1000MA,4.0,15.0,60.0,5.0,14.0,-6.66,14.0,14.0,14.0,15.0,2800.0,2.0,2.0,2024-02-22 11:41:44,2024-03-15,1000.0,CALL,ALUA
ALUC850.AB,22.0,120.0,146.0,2.0,146.0,3.0,135.0,150.0,125.0,141.739,746100.0,52.0,11.0,2024-02-22 11:56:30,2024-04-19,850.0,CALL,ALUA
ALUV850.AB,1.0,30.0,45.0,5.0,,,,,,33.778,,,,,2024-04-19,850.0,PUT,ALUA
ALUC900.AB,1.0,110.0,115.0,1.0,,,,,,117.0,,,,,2024-04-19,900.0,CALL,ALUA
ALUV900.AB,4.0,54.001,238.9,5.0,,,,,,57.667,,,,,2024-04-19,900.0,PUT,ALUA
ALUV950.AB,1.0,81.0,,,,,,,,,,,,,2024-04-19,950.0,PUT,ALUA
ALUC1000AB,1.0,70.0,75.0,27.0,75.0,7.14,75.0,75.0,75.0,70.0,22500.0,3.0,3.0,2024-02-22 11:40:51,2024-04-19,1000.0,CALL,ALUA
ALUC10498A,,,90.0,5.0,,,,,,180.0,,,,,2024-04-19,1049.8,CALL,ALUA
ALUC1100AB,,,70.0,7.0,,,,,,70.0,,,,,2024-04-19,1100.0,CALL,ALUA
ALUC12498A,,,,,,,,,,175.0,,,,,2024-04-19,1249.8,CALL,ALUA
ALUC1350AB,,,,,,,,,,319.0,,,,,2024-04-19,1350.0,CALL,ALUA
ALUC13998A,1.0,10.1,18.0,1.0,10.1,-10.81,11.0,16.0,10.1,11.325,73940.0,49.0,4.0,2024-02-22 11:51:04,2024-04-19,1399.8,CALL,ALUA
ALUC850.JU,,,330.0,10.0,,,,,,332.5,,,,,2024-06-19,850.0,CALL,ALUA
ALUV900.JU,1.0,33.299,,,,,,,,5.55,,,,,2024-06-19,900.0,PUT,ALUA
ALUC950.JU,10.0,120.0,207.6,1.0,,,,,,167.0,,,,,2024-06-19,950.0,CALL,ALUA
ALUV950.JU,,,,,,,,,,42.0,,,,,2024-06-19,950.0,PUT,ALUA
ALUC1000JU,30.0,130.0,180.1,1.0,,,,,,145.0,,,,,2024-06-19,1000.0,CALL,ALUA
ALUV1000JU,,,,,,,,,,21.4,,,,,2024-06-19,1000.0,PUT,ALUA
ALUC1050JU,1.0,74.6,,,,,,,,,,,,,2024-06-19,1050.0,CALL,ALUA
ALUC1200JU,,,,,,,,,,318.7,,,,,2024-06-19,1200.0,CALL,ALUA
ALUC1300JU,2.0,25.6,,,,,,,,140.0,,,,,2024-06-19,1300.0,CALL,ALUA
ALUC1150AG,1.0,103.9,,,,,,,,,,,,,2024-08-16,1150.0,CALL,ALUA
ALUC1250AG,1.0,72.7,,,,,,,,,,,,,2024-08-16,1250.0,CALL,ALUA
ALUC1300AG,1.0,65.1,,,,,,,,,,,,,2024-08-16,1300.0,CALL,ALUA
BBAC1240AB,2.0,950.0,,,,,,,,1500.0,,,,,2024-04-19,1240.0,CALL,BBAR
BBAC2400AB,5.0,133.1,281.51,2.0,,,,,,,,,,,2024-04-19,2400.0,CALL,BBAR
BBAV2400AB,5.0,195.3,527.3,10.0,,,,,,,,,,,2024-04-19,2400.0,PUT,BBAR
BBAC2500AB,1.0,86.1,242.16,1.0,,,,,,,,,,,2024-04-19,2500.0,CALL,BBAR
BBAC2600AB,1.0,65.0,203.3,2.0,,,,,,,,,,,2024-04-19,2600.0,CALL,BBAR
BBAC2900AB,1.0,22.824,120.12,4.0,,,,,,,,,,,2024-04-19,2900.0,CALL,BBAR
BBAC3000AB,2.0,15.34,,,,,,,,,,,,,2024-04-19,3000.0,CALL,BBAR
BBAC2500JU,1.0,263.1,,,,,,,,,,,,,2024-06-19,2500.0,CALL,BBAR
BBAC2700JU,,,609.3,1.0,,,,,,263.6,,,,,2024-06-19,2700.0,CALL,BBAR
BBAC2800JU,1.0,169.9,561.0,1.0,,,,,,228.0,,,,,2024-06-19,2800.0,CALL,BBAR
BBAC2900JU,1.0,141.6,,,,,,,,,,,,,2024-06-19,2900.0,CALL,BBAR
BBAC3000JU,1.0,120.3,,,,,,,,,,,,,2024-06-19,3000.0,CALL,BBAR
BBAC2600AG,1.0,378.8,,,,,,,,,,,,,2024-08-16,2600.0,CALL,BBAR
BBAC2700AG,1.0,360.5,,,,,,,,,,,,,2024-08-16,2700.0,CALL,BBAR
BBAC2900AG,1.0,273.9,,,,,,,,,,,,,2024-08-16,2900.0,CALL,BBAR
BBAC3000AG,1.0,238.2,,,,,,,,,,,,,2024-08-16,3000.0,CALL,BBAR
BHIC200.MA,1.0,5.0,,,5.0,-50.0,7.0,7.0,5.0,10.0,3300.0,5.0,5.0,2024-02-22 11:59:44,2024-03-15,200.0,CALL,BHIP
BHIC26.0AB,5.0,130.001,155.0,16.0,,,,,,159.0,,,,,2024-04-19,26.0,CALL,BHIP
BHIC90.0AB,,,,,,,,,,100.0,,,,,2024-04-19,90.0,CALL,BHIP
BHIC100.AB,3.0,60.0,105.0,20.0,84.0,,80.0,84.0,80.0,84.0,32400.0,4.0,4.0,2024-02-22 11:28:02,2024-04-19,100.0,CALL,BHIP
BHIC200.AB,2.0,11.0,21.0,1.0,11.0,-31.25,12.0,18.0,11.0,16.0,8000.0,6.0,6.0,2024-02-22 12:01:17,2024-04-19,200.0,CALL,BHIP
BHIC220.AB,12.0,3.66,,,,,,,,,,,,,2024-04-19,220.0,CALL,BHIP
BHIC230.AB,16.0,2.53,,,,,,,,,,,,,2024-04-19,230.0,CALL,BHIP
BHIC250.AB,28.0,1.15,,,,,,,,,,,,,2024-04-19,250.0,CALL,BHIP
BHIC260.AB,,,,,,,,,,75.0,,,,,2024-04-19,260.0,CALL,BHIP
BHIC270.AB,52.0,0.488,,,,,,,,,,,,,2024-04-19,270.0,CALL,BHIP
BHIC26.0JU,,,160.0,66.0,,,,,,178.0,,,,,2024-06-19,26.0,CALL,BHIP
BHIC90.0JU,2.0,93.0,119.99,1.0,115.0,,118.0,118.0,115.0,115.0,105300.0,9.0,2.0,2024-02-22 11:14:42,2024-06-19,90.0,CALL,BHIP
BHIC150.JU,,,,,,,,,,160.0,,,,,2024-06-19,150.0,CALL,BHIP
BHIC200.JU,2.0,25.0,,,33.0,-17.5,33.0,33.0,33.0,40.0,3300.0,1.0,1.0,2024-02-22 11:30:25,2024-06-19,200.0,CALL,BHIP
BHIC210.JU,3.0,17.03,,,,,,,,,,,,,2024-06-19,210.0,CALL,BHIP
BHIC220.JU,4.0,14.06,,,,,,,,,,,,,2024-06-19,220.0,CALL,BHIP
BHIC250.JU,6.0,8.66,,,,,,,,,,,,,2024-06-19,250.0,CALL,BHIP
BHIC260.JU,7.0,7.17,,,,,,,,,,,,,2024-06-19,260.0,CALL,BHIP
BHIC270.JU,8.0,6.08,40.0,1.0,,,,,,49.9,,,,,2024-06-19,270.0,CALL,BHIP
BMAV2100AB,,,,,,,,,,50.0,,,,,2024-04-19,2100.0,PUT,BMA
BMAC3600AB,5.0,766.5,1126.5,10.0,,,,,,,,,,,2024-04-19,3600.0,CALL,BMA
BMAC3800AB,5.0,595.4,1027.9,10.0,,,,,,,,,,,2024-04-19,3800.0,CALL,BMA
BMAV3800AB,1.0,125.0,663.4,10.0,,,,,,,,,,,2024-04-19,3800.0,PUT,BMA
BMAC4000AB,5.0,424.3,936.8,10.0,,,,,,,,,,,2024-04-19,4000.0,CALL,BMA
BMAV4000AB,5.0,124.7,780.8,10.0,,,,,,,,,,,2024-04-19,4000.0,PUT,BMA
BMAC5000AB,,,,,,,,,,120.0,,,,,2024-04-19,5000.0,CALL,BMA
BMAV2500JU,6.0,2.92,25.3,100.0,,,,,,13.81,,,,,2024-06-19,2500.0,PUT,BMA
BMAV2700JU,,,,,,,,,,45.8,,,,,2024-06-19,2700.0,PUT,BMA
BMAV3400JU,,,,,,,,,,77.6,,,,,2024-06-19,3400.0,PUT,BMA
BMAV3600JU,1.0,96.1,,,,,,,,,,,,,2024-06-19,3600.0,PUT,BMA
BMAV4000JU,1.0,227.3,,,,,,,,,,,,,2024-06-19,4000.0,PUT,BMA
BYMC960.AB,1.0,124.4,,,,,,,,381.1,,,,,2024-04-19,960.0,CALL,BYMA
BYMV1000AB,2.0,25.3,,,,,,,,,,,,,2024-04-19,1000.0,PUT,BYMA
BYMV1100AB,,,137.9,1.0,,,,,,60.4,,,,,2024-04-19,1100.0,PUT,BYMA
BYMC1200AB,,,345.0,20.0,,,,,,350.0,,,,,2024-04-19,1200.0,CALL,BYMA
BYMC1300AB,3.0,14.94,200.0,15.0,,,,,,146.2,,,,,2024-04-19,1300.0,CALL,BYMA
BYMC1400AB,5.0,6.25,,,,,,,,,,,,,2024-04-19,1400.0,CALL,BYMA
BYMC1500AB,9.0,2.2,,,,,,,,,,,,,2024-04-19,1500.0,CALL,BYMA
BYMC1600AB,1.0,10.0,70.0,45.0,,,,,,16.0,,,,,2024-04-19,1600.0,CALL,BYMA
BYMV900.JU,,,32.2,82.0,,,,,,13.99,,,,,2024-06-19,900.0,PUT,BYMA
BYMV1000JU,2.0,27.9,,,,,,,,7.74,,,,,2024-06-19,1000.0,PUT,BYMA
BYMC1050JU,1.0,167.7,,,,,,,,,,,,,2024-06-19,1050.0,CALL,BYMA
BYMV1050JU,,,,,,,,,,13.0,,,,,2024-06-19,1050.0,PUT,BYMA
BYMC1100JU,1.0,149.9,,,,,,,,,,,,,2024-06-19,1100.0,CALL,BYMA
BYMV1100JU,,,,,,,,,,8.1,,,,,2024-06-19,1100.0,PUT,BYMA
BYMC1150JU,1.0,131.4,,,,,,,,,,,,,2024-06-19,1150.0,CALL,BYMA
BYMC1200JU,1.0,106.6,,,,,,,,,,,,,2024-06-19,1200.0,CALL,BYMA
BYMC1300JU,1.0,75.3,,,,,,,,,,,,,2024-06-19,1300.0,CALL,BYMA
BYMC1400JU,1.0,53.7,,,,,,,,,,,,,2024-06-19,1400.0,CALL,BYMA
BYMC1500JU,1.0,36.4,,,,,,,,,,,,,2024-06-19,1500.0,CALL,BYMA
BYMC1600JU,2.0,24.1,,,,,,,,,,,,,2024-06-19,1600.0,CALL,BYMA
BYMC1150AG,1.0,193.9,,,,,,,,,,,,,2024-08-16,1150.0,CALL,BYMA
BYMC1300AG,1.0,147.2,,,,,,,,,,,,,2024-08-16,1300.0,CALL,BYMA
BYMC1400AG,1.0,109.4,,,,,,,,,,,,,2024-08-16,1400.0,CALL,BYMA
BYMC1600AG,1.0,66.4,,,,,,,,,,,,,2024-08-16,1600.0,CALL,BYMA
CECC420.AB,2.0,17.45,,,,,,,,,,,,,2024-04-19,420.0,CALL,CECO2
CECC440.AB,,,,,,,,,,33.8,,,,,2024-04-19,440.0,CALL,CECO2
CECC500.AB,,,,,,,,,,40.0,,,,,2024-04-19,500.0,CALL,CECO2
CECC420.JU,1.0,49.6,,,,,,,,,,,,,2024-06-19,420.0,CALL,CECO2
CECC440.JU,,,,,,,,,,69.0,,,,,2024-06-19,440.0,CALL,CECO2
CEPC99425A,1.0,80.5,,,,,,,,445.0,,,,,2024-04-19,994.25,CALL,CEPU
CEPC1100AB,1.0,46.1,173.9,10.0,,,,,,,,,,,2024-04-19,1100.0,CALL,CEPU
CEPV1100AB,1.0,115.1,,,,,,,,,,,,,2024-04-19,1100.0,PUT,CEPU
CEPC1200AB,2.0,26.2,,,,,,,,,,,,,2024-04-19,1200.0,CALL,CEPU
CEPC1400AB,3.0,15.0,,,,,,,,20.0,,,,,2024-04-19,1400.0,CALL,CEPU
CEPC1500AB,9.0,3.0,,,,,,,,,,,,,2024-04-19,1500.0,CALL,CEPU
CEPC1600AB,15.0,1.251,,,,,,,,,,,,,2024-04-19,1600.0,CALL,CEPU
CEPV1000JU,,,,,,,,,,16.66,,,,,2024-06-19,1000.0,PUT,CEPU
CEPC1200JU,1.0,90.6,,,,,,,,,,,,,2024-06-19,1200.0,CALL,CEPU
CEPC1400JU,1.0,51.5,,,,,,,,,,,,,2024-06-19,1400.0,CALL,CEPU
CEPC1500JU,1.0,37.7,,,,,,,,,,,,,2024-06-19,1500.0,CALL,CEPU
CEPC1600JU,2.0,26.9,,,,,,,,,,,,,2024-06-19,1600.0,CALL,CEPU
CEPC1800JU,,,,,,,,,,50.0,,,,,2024-06-19,1800.0,CALL,CEPU
CEPC1100AG,1.0,180.1,,,,,,,,,,,,,2024-08-16,1100.0,CALL,CEPU
COMC164.MA,175.0,0.01,,,,,,,,,,,,,2024-03-15,164.0,CALL,COME
COMV164.MA,2.0,1.0,,,,,,,,,,,,,2024-03-15,164.0,PUT,COME
COMC39038A,,,79.102,2.0,,,,,,81.538,,,,,2024-04-19,39.038,CALL,COME
COMC53038A,31.0,18.1,,,,,,,,71.0,,,,,2024-04-19,53.038,CALL,COME
COMC57038A,50.0,48.1,65.0,4.0,44.0,-6.38,44.0,44.0,44.0,47.0,39600.0,9.0,1.0,2024-02-22 11:41:36,2024-04-19,57.038,CALL,COME
COMC65038A,50.0,42.6,61.9,26.0,,,,,,53.22,,,,,2024-04-19,65.038,CALL,COME
COMC68038A,40.0,40.6,79.9,5.0,,,,,,49.1,,,,,2024-04-19,68.038,CALL,COME
COMC71038A,2.0,33.8,77.9,4.0,,,,,,54.005,,,,,2024-04-19,71.038,CALL,COME
COMC74038A,,,51.2,1.0,,,,,,51.23,,,,,2024-04-19,74.038,CALL,COME
COMC77038A,30.0,44.0,49.0,2.0,,,,,,44.0,,,,,2024-04-19,77.038,CALL,COME
COMC81.0AB,,,43.171,2.0,44.0,10.0,44.0,44.0,44.0,40.0,88000.0,20.0,3.0,2024-02-22 11:32:37,2024-04-19,81.0,CALL,COME
COMV84.0AB,2.0,0.001,,,,,,,,,,,,,2024-04-19,84.0,PUT,COME
COMC87.0AB,,,,,36.338,,36.338,36.338,36.338,,7268.0,2.0,2.0,2024-02-22 11:29:30,2024-04-19,87.0,CALL,COME
COMV87.0AB,,,,,,,,,,0.53,,,,,2024-04-19,87.0,PUT,COME
COMC90.0AB,250.0,33.0,35.0,1.0,35.79,9.56,35.0,35.79,31.0,32.667,132379.0,39.0,14.0,2024-02-22 11:47:25,2024-04-19,90.0,CALL,COME
COMV90.0AB,2.0,0.143,1.0,1.0,,,,,,0.62,,,,,2024-04-19,90.0,PUT,COME
COMC93.0AB,2.0,31.168,,,,,,,,30.578,,,,,2024-04-19,93.0,CALL,COME
COMV93.0AB,106.0,0.88,3.134,2.0,,,,,,2.65,,,,,2024-04-19,93.0,PUT,COME
COMC96.0AB,,,,,,,,,,35.129,,,,,2024-04-19,96.0,CALL,COME
COMV96.0AB,,,,,,,,,,1.0,,,,,2024-04-19,96.0,PUT,COME
COMC99.0AB,50.0,26.0,,,,,,,,31.0,,,,,2024-04-19,99.0,CALL,COME
COMV99.0AB,2.0,0.294,,,,,,,,1.369,,,,,2024-04-19,99.0,PUT,COME
COMC102.AB,2.0,23.199,,,,,,,,23.192,,,,,2024-04-19,102.0,CALL,COME
COMC105.AB,,,,,,,,,,20.757,,,,,2024-04-19,105.0,CALL,COME
COMV105.AB,30.0,2.25,,,,,,,,,,,,,2024-04-19,105.0,PUT,COME
COMC108.AB,18.0,21.1,23.996,2.0,21.1,-6.94,21.1,,,22.675,,,,2024-02-22 12:00:26,2024-04-19,108.0,CALL,COME
COMV108.AB,10.0,3.3,6.0,5.0,,,,,,3.65,,,,,2024-04-19,108.0,PUT,COME
COMC113.AB,2.0,15.01,22.5,31.0,20.0,,20.0,20.0,20.0,20.0,36000.0,18.0,3.0,2024-02-22 11:45:17,2024-04-19,113.0,CALL,COME
COMV113.AB,1.0,2.751,,,,,,,,2.5,,,,,2024-04-19,113.0,PUT,COME
COMC118.AB,50.0,17.0,17.7,5.0,17.5,4.58,17.0,17.5,17.0,16.733,66620.0,39.0,6.0,2024-02-22 11:54:44,2024-04-19,118.0,CALL,COME
COMV118.AB,12.0,5.08,,,,,,,,,,,,,2024-04-19,118.0,PUT,COME
COMC123.AB,10.0,13.25,15.65,4.0,15.611,10.71,15.84,15.84,14.33,14.1,7723.0,5.0,3.0,2024-02-22 11:56:56,2024-04-19,123.0,CALL,COME
COMV123.AB,10.0,3.5,,,,,,,,,,,,,2024-04-19,123.0,PUT,COME
COMC128.AB,75.0,12.0,13.0,60.0,12.5,3.9,14.0,14.0,12.0,12.03,14307.0,11.0,5.0,2024-02-22 12:02:36,2024-04-19,128.0,CALL,COME
COMV128.AB,6.0,11.58,,,,,,,,,,,,,2024-04-19,128.0,PUT,COME
COMC134.AB,41.0,5.575,13.364,2.0,,,,,,9.0,,,,,2024-04-19,134.0,CALL,COME
COMC140.AB,2.0,4.51,7.0,46.0,7.0,,7.0,7.0,7.0,7.0,317800.0,454.0,3.0,2024-02-22 11:53:53,2024-04-19,140.0,CALL,COME
COMC146.AB,2.0,2.76,5.8,30.0,,,,,,5.8,,,,,2024-04-19,146.0,CALL,COME
COMC152.AB,2.0,1.76,3.9,40.0,,,,,,4.1,,,,,2024-04-19,152.0,CALL,COME
COMC158.AB,2.0,1.1,,,,,,,,,,,,,2024-04-19,158.0,CALL,COME
COMC164.AB,1.0,2.35,2.9,6.0,2.4,1.73,2.89,2.9,2.4,2.359,86791.0,358.0,6.0,2024-02-22 11:52:31,2024-04-19,164.0,CALL,COME
COMC50.0JU,5.0,43.2,,,,,,,,60.001,,,,,2024-06-19,50.0,CALL,COME
COMC60.0JU,1.0,60.001,91.9,4.0,,,,,,70.0,,,,,2024-06-19,60.0,CALL,COME
COMC90.0JU,32.0,31.1,60.0,42.0,,,,,,45.0,,,,,2024-06-19,90.0,CALL,COME
COMC99.0JU,,,,,,,,,,48.0,,,,,2024-06-19,99.0,CALL,COME
COMC105.JU,,,,,,,,,,17.777,,,,,2024-06-19,105.0,CALL,COME
COMC108.JU,,,42.0,7.0,40.0,,41.0,41.0,40.0,40.0,65000.0,16.0,3.0,2024-02-22 11:22:56,2024-06-19,108.0,CALL,COME
COMV108.JU,29.0,0.752,,,,,,,,,,,,,2024-06-19,108.0,PUT,COME
COMV113.JU,18.0,2.26,,,,,,,,,,,,,2024-06-19,113.0,PUT,COME
COMC118.JU,50.0,18.06,,,,,,,,,,,,,2024-06-19,118.0,CALL,COME
COMV118.JU,12.0,5.15,,,,,,,,,,,,,2024-06-19,118.0,PUT,COME
COMC123.JU,4.0,16.1,,,,,,,,,,,,,2024-06-19,123.0,CALL,COME
COMC128.JU,2.0,28.0,36.666,3.0,,,,,,27.0,,,,,2024-06-19,128.0,CALL,COME
COMC134.JU,54.0,11.675,,,,,,,,14.38,,,,,2024-06-19,134.0,CALL,COME
COMV134.JU,58.0,0.91,,,,,,,,,,,,,2024-06-19,134.0,PUT,COME
COMC140.JU,42.0,9.1,,,,,,,,,,,,,2024-06-19,140.0,CALL,COME
COMC146.JU,61.0,6.895,,,,,,,,,,,,,2024-06-19,146.0,CALL,COME
COMC152.JU,62.0,5.375,,,,,,,,,,,,,2024-06-19,152.0,CALL,COME
COMC158.JU,12.0,4.04,,,,,,,,,,,,,2024-06-19,158.0,CALL,COME
COMC164.JU,58.0,2.975,,,,,,,,,,,,,2024-06-19,164.0,CALL,COME
COMV164.JU,20.0,0.1,,,,,,,,,,,,,2024-06-19,164.0,PUT,COME
COMV96.0AG,51.0,0.347,,,,,,,,,,,,,2024-08-16,96.0,PUT,COME
COMV108.AG,20.0,1.74,,,,,,,,,,,,,2024-08-16,108.0,PUT,COME
COMC128.AG,53.0,22.6,,,,,,,,,,,,,2024-08-16,128.0,CALL,COME
COMC134.AG,52.0,20.65,,,,,,,,,,,,,2024-08-16,134.0,CALL,COME
COMC140.AG,45.0,18.835,,,,,,,,,,,,,2024-08-16,140.0,CALL,COME
COMC146.AG,45.0,16.901,,,,,,,,,,,,,2024-08-16,146.0,CALL,COME
COMC152.AG,56.0,14.25,,,,,,,,,,,,,2024-08-16,152.0,CALL,COME
COMC158.AG,48.0,12.195,,,,,,,,,,,,,2024-08-16,158.0,CALL,COME
COMC164.AG,70.0,14.0,,,,,,,,,,,,,2024-08-16,164.0,CALL,COME
CREC720.AB,,,,,,,,,,520.0,,,,,2024-04-19,720.0,CALL,CRES
CREC950.AB,1.0,98.5,,,,,,,,220.0,,,,,2024-04-19,950.0,CALL,CRES
CREV950.AB,1.0,20.0,62.8,3.0,,,,,,28.7,,,,,2024-04-19,950.0,PUT,CRES
CREV1000AB,1.0,25.0,,,,,,,,,,,,,2024-04-19,1000.0,PUT,CRES
CREV1050AB,1.0,87.4,,,,,,,,,,,,,2024-04-19,1050.0,PUT,CRES
CREV1100AB,1.0,71.88,,,,,,,,11.98,,,,,2024-04-19,1100.0,PUT,CRES
CREC1150AB,3.0,67.0,400.0,15.0,,,,,,67.0,,,,,2024-04-19,1150.0,CALL,CRES
CREC1250AB,3.0,16.48,,,,,,,,,,,,,2024-04-19,1250.0,CALL,CRES
CREC1300AB,8.0,15.0,,,,,,,,18.0,,,,,2024-04-19,1300.0,CALL,CRES
CREC1350AB,,,,,,,,,,129.0,,,,,2024-04-19,1350.0,CALL,CRES
CREC1400AB,,,,,,,,,,240.0,,,,,2024-04-19,1400.0,CALL,CRES
CREC1000JU,1.0,160.5,,,,,,,,,,,,,2024-06-19,1000.0,CALL,CRES
CREC1050JU,1.0,143.1,,,,,,,,,,,,,2024-06-19,1050.0,CALL,CRES
CREV1050JU,1.0,43.859,,,,,,,,7.31,,,,,2024-06-19,1050.0,PUT,CRES
CREC1150JU,1.0,101.0,,,,,,,,,,,,,2024-06-19,1150.0,CALL,CRES
CREC1200JU,,,,,,,,,,200.0,,,,,2024-06-19,1200.0,CALL,CRES
CREC1250JU,1.0,75.6,,,,,,,,,,,,,2024-06-19,1250.0,CALL,CRES
CREC1300JU,1.0,64.4,,,,,,,,,,,,,2024-06-19,1300.0,CALL,CRES
CREC1350JU,1.0,55.2,,,,,,,,337.2,,,,,2024-06-19,1350.0,CALL,CRES
CREC1400JU,1.0,48.2,,,,,,,,350.0,,,,,2024-06-19,1400.0,CALL,CRES
CREC1150AG,1.0,160.7,,,,,,,,,,,,,2024-08-16,1150.0,CALL,CRES
CREC1300AG,1.0,106.5,,,,,,,,,,,,,2024-08-16,1300.0,CALL,CRES
CREC1350AG,1.0,92.0,,,,,,,,,,,,,2024-08-16,1350.0,CALL,CRES
CREC1400AG,1.0,80.9,,,,,,,,,,,,,2024-08-16,1400.0,CALL,CRES
DGCC1000AB,5.0,146.6,260.7,10.0,,,,,,,,,,,2024-04-19,1000.0,CALL,DGCU2
DGCC1100AB,1.0,62.4,218.0,10.0,,,,,,,,,,,2024-04-19,1100.0,CALL,DGCU2
DGCC1200AB,1.0,34.9,181.5,10.0,,,,,,,,,,,2024-04-19,1200.0,CALL,DGCU2
DGCC1300AB,2.0,17.26,,,,,,,,,,,,,2024-04-19,1300.0,CALL,DGCU2
DGCC1400AB,4.0,7.78,,,,,,,,,,,,,2024-04-19,1400.0,CALL,DGCU2
DGCC1500AB,7.0,2.99,,,,,,,,,,,,,2024-04-19,1500.0,CALL,DGCU2
DGCC1100JU,1.0,156.9,,,,,,,,,,,,,2024-06-19,1100.0,CALL,DGCU2
DGCC1200JU,1.0,113.6,,,,,,,,,,,,,2024-06-19,1200.0,CALL,DGCU2
DGCC1300JU,1.0,79.5,,,,,,,,,,,,,2024-06-19,1300.0,CALL,DGCU2
DGCC1400JU,1.0,57.6,,,,,,,,,,,,,2024-06-19,1400.0,CALL,DGCU2
DGCC1500JU,1.0,41.4,,,,,,,,,,,,,2024-06-19,1500.0,CALL,DGCU2
EDNC1200MA,3.0,24.0,,,,,,,,,,,,,2024-03-15,1200.0,CALL,EDN
EDNC1100AB,,,,,,,,,,300.0,,,,,2024-04-19,1100.0,CALL,EDN
EDNV1100AB,2.0,28.703,,,,,,,,,,,,,2024-04-19,1100.0,PUT,EDN
EDNC1150AB,1.0,87.5,,,,,,,,,,,,,2024-04-19,1150.0,CALL,EDN
EDNV1150AB,1.0,51.9,,,,,,,,,,,,,2024-04-19,1150.0,PUT,EDN
EDNV1200AB,2.0,7.5,,,,,,,,,,,,,2024-04-19,1200.0,PUT,EDN
EDNC1500AB,3.0,12.61,,,,,,,,,,,,,2024-04-19,1500.0,CALL,EDN
EDNC1700AB,10.0,2.49,,,,,,,,,,,,,2024-04-19,1700.0,CALL,EDN
EDNC1300JU,1.0,134.0,,,,,,,,,,,,,2024-06-19,1300.0,CALL,EDN
EDNC1500JU,1.0,73.8,,,,,,,,,,,,,2024-06-19,1500.0,CALL,EDN
EDNV1100AG,1.0,28.4,,,,,,,,,,,,,2024-08-16,1100.0,PUT,EDN
EDNC1400AG,1.0,178.4,,,,,,,,,,,,,2024-08-16,1400.0,CALL,EDN
EDNC1700AG,1.0,85.7,,,,,,,,,,,,,2024-08-16,1700.0,CALL,EDN
GFGC2500MA,6.0,135.0,170.0,4.0,160.0,,160.0,160.0,160.0,160.0,128000.0,8.0,1.0,2024-02-22 12:02:24,2024-03-15,2500.0,CALL,GGAL
GFGC2700MA,,,99.0,100.0,,,,,,90.0,,,,,2024-03-15,2700.0,CALL,GGAL
GFGC2800MA,,,,,,,,,,55.0,,,,,2024-03-15,2800.0,CALL,GGAL
GFGC700.AB,9.0,1.695,2200.0,2.0,,,,,,1675.1,,,,,2024-04-19,700.0,CALL,GGAL
GFGV700.AB,35.0,0.28,,,,,,,,0.294,,,,,2024-04-19,700.0,PUT,GGAL
GFGC770.AB,1.0,0.6,,,,,,,,1750.0,,,,,2024-04-19,770.0,CALL,GGAL
GFGC800.AB,,,,,1615.0,0.31,1615.0,1615.0,1615.0,1610.0,161500.0,1.0,1.0,2024-02-22 11:40:01,2024-04-19,800.0,CALL,GGAL
GFGV800.AB,49.0,0.27,0.33,20.0,0.27,-6.89,0.27,0.27,0.27,0.29,27.0,1.0,1.0,2024-02-22 11:43:55,2024-04-19,800.0,PUT,GGAL
GFGC1250AB,,,1419.9,4.0,,,,,,1370.0,,,,,2024-04-19,1250.0,CALL,GGAL
GFGV1250AB,35.0,0.29,0.4,200.0,,,,,,0.4,,,,,2024-04-19,1250.0,PUT,GGAL
GFGC1300AB,,,,,,,,,,1224.478,,,,,2024-04-19,1300.0,CALL,GGAL
GFGV1300AB,200.0,0.22,0.44,7.0,0.21,-49.51,0.44,0.44,0.2,0.416,240.0,9.0,5.0,2024-02-22 11:49:47,2024-04-19,1300.0,PUT,GGAL
GFGC1350AB,,,,,1200.0,0.84,1200.0,1200.0,1200.0,1190.0,240000.0,2.0,1.0,2024-02-22 11:25:10,2024-04-19,1350.0,CALL,GGAL
GFGV1350AB,10.0,0.21,0.35,30.0,0.35,-23.74,0.25,0.38,0.25,0.459,2954.0,104.0,17.0,2024-02-22 12:01:59,2024-04-19,1350.0,PUT,GGAL
GFGC1400AB,,,,,,,,,,1157.75,,,,,2024-04-19,1400.0,CALL,GGAL
GFGV1400AB,964.0,0.31,0.58,13.0,0.31,-40.95,0.59,0.59,0.3,0.525,2703.0,78.0,15.0,2024-02-22 11:50:43,2024-04-19,1400.0,PUT,GGAL
GFGC1450AB,,,1197.396,2.0,,,,,,1150.0,,,,,2024-04-19,1450.0,CALL,GGAL
GFGV1450AB,954.0,0.4,0.64,6.0,0.41,-33.0,0.4,0.4,0.4,0.612,1840.0,46.0,6.0,2024-02-22 11:50:15,2024-04-19,1450.0,PUT,GGAL
GFGC1500AB,,,,,,,,,,1000.0,,,,,2024-04-19,1500.0,CALL,GGAL
GFGV1500AB,5.0,0.55,0.99,29.0,0.55,-42.94,0.99,0.99,0.51,0.964,11011.0,209.0,23.0,2024-02-22 11:50:50,2024-04-19,1500.0,PUT,GGAL
GFGC1570AB,,,,,,,,,,970.0,,,,,2024-04-19,1570.0,CALL,GGAL
GFGV1570AB,76.0,0.9,1.24,1.0,0.9,-18.18,0.9,0.9,0.9,1.1,1620.0,18.0,5.0,2024-02-22 12:01:59,2024-04-19,1570.0,PUT,GGAL
GFGC1640AB,6.0,800.0,1029.0,1.0,800.0,0.93,800.0,800.0,800.0,792.599,80000.0,1.0,1.0,2024-02-22 11:09:06,2024-04-19,1640.0,CALL,GGAL
GFGV1640AB,12.0,1.0,1.82,18.0,1.82,23.55,1.82,1.82,1.82,1.473,5460.0,30.0,7.0,2024-02-22 11:58:47,2024-04-19,1640.0,PUT,GGAL
GFGC1710AB,,,952.102,2.0,,,,,,881.986,,,,,2024-04-19,1710.0,CALL,GGAL
GFGV1710AB,100.0,1.0,2.25,28.0,1.5,-33.33,2.25,2.25,1.5,2.25,5250.0,24.0,9.0,2024-02-22 12:01:16,2024-04-19,1710.0,PUT,GGAL
GFGC1780AB,6.0,705.1,898.77,2.0,,,,,,702.57,,,,,2024-04-19,1780.0,CALL,GGAL
GFGV1780AB,20.0,2.1,3.8,25.0,2.201,-38.81,2.0,2.201,2.0,3.597,6535.0,32.0,6.0,2024-02-22 11:50:15,2024-04-19,1780.0,PUT,GGAL
GFGC1860AB,,,837.867,2.0,,,,,,670.0,,,,,2024-04-19,1860.0,CALL,GGAL
GFGV1860AB,22.0,3.002,5.5,7.0,,,,,,5.007,,,,,2024-04-19,1860.0,PUT,GGAL
GFGC1940AB,4.0,630.15,724.072,2.0,,,,,,628.333,,,,,2024-04-19,1940.0,CALL,GGAL
GFGV1940AB,20.0,5.001,7.999,5.0,5.001,-34.48,5.001,5.001,5.001,7.633,1000.0,2.0,1.0,2024-02-22 12:02:46,2024-04-19,1940.0,PUT,GGAL
GFGC2020AB,28.0,620.0,680.0,2.0,620.0,10.32,625.0,625.0,620.0,562.0,436500.0,7.0,2.0,2024-02-22 12:01:59,2024-04-19,2020.0,CALL,GGAL
GFGV2020AB,3.0,7.61,9.98,69.0,7.6,-32.39,10.0,10.0,7.6,11.241,29926.0,35.0,13.0,2024-02-22 12:00:08,2024-04-19,2020.0,PUT,GGAL
GFGC2100AB,1.0,570.0,575.0,1.0,566.709,17.47,500.0,566.709,500.0,482.4,818678.0,16.0,6.0,2024-02-22 12:01:07,2024-04-19,2100.0,CALL,GGAL
GFGV2100AB,20.0,13.0,14.0,93.0,13.5,-25.99,17.5,17.5,13.0,18.241,273997.0,192.0,37.0,2024-02-22 12:02:46,2024-04-19,2100.0,PUT,GGAL
GFGC2200AB,,,600.0,5.0,,,,,,403.041,,,,,2024-04-19,2200.0,CALL,GGAL
GFGV2200AB,12.0,26.666,27.0,50.0,26.666,-26.09,31.078,31.078,26.666,36.082,6007334.0,2133.0,148.0,2024-02-22 12:02:46,2024-04-19,2200.0,PUT,GGAL
GFGC2300AB,12.0,400.0,425.108,2.0,401.0,17.1,382.0,401.0,382.0,342.415,583993.0,15.0,9.0,2024-02-22 11:58:52,2024-04-19,2300.0,CALL,GGAL
GFGV2300AB,5.0,50.515,52.5,15.0,52.12,-22.76,63.001,63.001,52.0,67.481,5423615.0,962.0,85.0,2024-02-22 12:01:38,2024-04-19,2300.0,PUT,GGAL
GFGC2400AB,1.0,340.0,366.0,11.0,335.0,18.5,312.0,350.0,310.0,282.687,15522791.0,463.0,49.0,2024-02-22 12:01:59,2024-04-19,2400.0,CALL,GGAL
GFGV2400AB,5.0,86.005,88.0,5.0,86.005,-22.03,95.0,99.999,86.005,110.318,1949636.0,212.0,30.0,2024-02-22 12:01:44,2024-04-19,2400.0,PUT,GGAL
GFGC2500AB,30.0,295.0,299.99,10.0,295.666,24.24,246.0,299.0,246.0,237.978,25852780.0,933.0,153.0,2024-02-22 12:02:24,2024-04-19,2500.0,CALL,GGAL
GFGV2500AB,2.0,142.0,145.0,4.0,142.0,-29.02,150.0,169.99,142.0,200.067,2584835.0,162.0,28.0,2024-02-22 12:02:36,2024-04-19,2500.0,PUT,GGAL
GFGC2600AB,6.0,240.0,244.0,2.0,244.0,24.47,249.0,249.0,220.0,196.028,2061182.0,88.0,27.0,2024-02-22 12:02:46,2024-04-19,2600.0,CALL,GGAL
GFGV2600AB,1.0,225.0,259.9,4.0,230.0,-20.96,260.0,260.0,230.0,291.0,73000.0,3.0,3.0,2024-02-22 12:00:34,2024-04-19,2600.0,PUT,GGAL
GFGC2700AB,16.0,195.0,201.0,1.0,200.0,23.59,188.0,200.0,176.874,161.825,2979479.0,158.0,31.0,2024-02-22 12:01:29,2024-04-19,2700.0,CALL,GGAL
GFGV2700AB,3.0,315.0,339.5,4.0,341.5,-10.36,355.0,355.0,322.0,381.0,2094300.0,63.0,5.0,2024-02-22 11:58:19,2024-04-19,2700.0,PUT,GGAL
GFGC2800AB,2.0,151.0,165.0,1.0,165.0,20.96,167.218,167.218,160.0,136.403,986022.0,60.0,10.0,2024-02-22 12:01:52,2024-04-19,2800.0,CALL,GGAL
GFGV2800AB,1.0,380.0,449.9,4.0,450.0,4.65,440.0,450.0,382.1,430.0,1462810.0,35.0,9.0,2024-02-22 11:43:40,2024-04-19,2800.0,PUT,GGAL
GFGC2900AB,35.0,141.0,143.0,1.0,140.0,20.23,126.395,140.0,126.0,116.439,5779032.0,433.0,60.0,2024-02-22 12:00:58,2024-04-19,2900.0,CALL,GGAL
GFGV2900AB,6.0,200.1,,,,,,,,107.0,,,,,2024-04-19,2900.0,PUT,GGAL
GFGC3000AB,2.0,120.0,120.89,1.0,120.89,25.12,98.378,120.89,98.378,96.616,57060721.0,5013.0,371.0,2024-02-22 12:02:39,2024-04-19,3000.0,CALL,GGAL
GFGV3000AB,5.0,424.606,699.999,6.0,,,,,,400.06,,,,,2024-04-19,3000.0,PUT,GGAL
GFGC3150AB,52.0,88.0,94.0,50.0,88.0,21.14,84.682,93.153,75.0,72.642,1583250.0,183.0,31.0,2024-02-22 12:01:59,2024-04-19,3150.0,CALL,GGAL
GFGV3150AB,5.0,350.1,,,,,,,,,,,,,2024-04-19,3150.0,PUT,GGAL
GFGC3300AB,1.0,67.0,67.5,1.0,67.5,22.12,60.0,67.53,59.0,55.272,2256953.0,360.0,60.0,2024-02-22 12:02:24,2024-04-19,3300.0,CALL,GGAL
GFGC3450AB,12.0,43.0,58.0,4.0,49.0,16.01,46.0,50.0,42.89,42.237,589636.0,129.0,29.0,2024-02-22 11:59:46,2024-04-19,3450.0,CALL,GGAL
GFGC3600AB,10.0,33.1,35.0,2.0,35.4,17.96,33.0,35.4,24.0,30.009,703646.0,211.0,38.0,2024-02-22 12:01:18,2024-04-19,3600.0,CALL,GGAL
GFGC3750AB,2.0,22.0,30.0,1.0,27.0,18.6,27.0,27.0,27.0,22.764,2700.0,1.0,1.0,2024-02-22 12:01:36,2024-04-19,3750.0,CALL,GGAL
GFGC3900AB,2.0,18.24,19.7,30.0,19.0,9.89,17.0,19.0,17.0,17.289,7200.0,4.0,3.0,2024-02-22 11:49:47,2024-04-19,3900.0,CALL,GGAL
GFGC4050AB,5.0,13.15,14.4,8.0,14.4,8.71,13.0,14.4,13.0,13.246,64201.0,48.0,13.0,2024-02-22 11:59:47,2024-04-19,4050.0,CALL,GGAL
GFGC4200AB,45.0,9.31,10.19,1.0,9.25,7.77,10.5,10.5,9.1,8.583,166000.0,172.0,31.0,2024-02-22 11:59:47,2024-04-19,4200.0,CALL,GGAL
GFGC1200JU,1.0,1401.0,1600.0,10.0,,,,,,1305.0,,,,,2024-06-19,1200.0,CALL,GGAL
GFGV1200JU,44.0,0.45,,,,,,,,0.45,,,,,2024-06-19,1200.0,PUT,GGAL
GFGC1640JU,4.0,810.0,,,,,,,,809.0,,,,,2024-06-19,1640.0,CALL,GGAL
GFGV1860JU,,,,,,,,,,10.0,,,,,2024-06-19,1860.0,PUT,GGAL
GFGV2020JU,,,,,,,,,,28.0,,,,,2024-06-19,2020.0,PUT,GGAL
GFGC2200JU,,,810.0,2.0,,,,,,820.0,,,,,2024-06-19,2200.0,CALL,GGAL
GFGV2200JU,,,60.0,5.0,,,,,,56.0,,,,,2024-06-19,2200.0,PUT,GGAL
GFGC2300JU,,,1267.4,1.0,,,,,,480.1,,,,,2024-06-19,2300.0,CALL,GGAL
GFGV2300JU,12.0,8.695,,,,,,,,60.0,,,,,2024-06-19,2300.0,PUT,GGAL
GFGC2400JU,1.0,415.5,1942.0,2.0,,,,,,580.0,,,,,2024-06-19,2400.0,CALL,GGAL
GFGV2400JU,,,,,,,,,,17.755,,,,,2024-06-19,2400.0,PUT,GGAL
GFGC2500JU,6.0,373.75,,,,,,,,,,,,,2024-06-19,2500.0,CALL,GGAL
GFGV2500JU,,,,,,,,,,25.0,,,,,2024-06-19,2500.0,PUT,GGAL
GFGC2600JU,5.0,333.85,,,,,,,,,,,,,2024-06-19,2600.0,CALL,GGAL
GFGV2600JU,,,,,,,,,,50.0,,,,,2024-06-19,2600.0,PUT,GGAL
GFGC2700JU,,,549.8,2.0,,,,,,335.0,,,,,2024-06-19,2700.0,CALL,GGAL
GFGC2800JU,1.0,263.0,1029.9,1.0,,,,,,1030.0,,,,,2024-06-19,2800.0,CALL,GGAL
GFGC2900JU,5.0,218.1,,,,,,,,,,,,,2024-06-19,2900.0,CALL,GGAL
GFGC3000JU,1.0,320.0,350.0,1.0,350.0,25.0,360.0,360.0,350.0,280.0,107000.0,3.0,2.0,2024-02-22 11:52:23,2024-06-19,3000.0,CALL,GGAL
GFGC3150JU,6.0,124.75,,,,,,,,,,,,,2024-06-19,3150.0,CALL,GGAL
GFGC3300JU,5.0,85.35,,,,,,,,,,,,,2024-06-19,3300.0,CALL,GGAL
GFGC3450JU,6.0,55.65,,,,,,,,,,,,,2024-06-19,3450.0,CALL,GGAL
GFGC3600JU,4.0,36.45,150.0,3.0,,,,,,125.0,,,,,2024-06-19,3600.0,CALL,GGAL
GFGC3900JU,,,,,,,,,,130.0,,,,,2024-06-19,3900.0,CALL,GGAL
GFGC4050JU,6.0,22.001,,,,,,,,,,,,,2024-06-19,4050.0,CALL,GGAL
GFGC4200JU,,,387.5,2.0,,,,,,80.0,,,,,2024-06-19,4200.0,CALL,GGAL
GFGC2400AG,9.0,129.1,,,,,,,,,,,,,2024-08-16,2400.0,CALL,GGAL
GFGC2700AG,5.0,442.35,,,,,,,,,,,,,2024-08-16,2700.0,CALL,GGAL
GFGC2800AG,6.0,406.45,,,,,,,,,,,,,2024-08-16,2800.0,CALL,GGAL
GFGC2900AG,6.0,377.75,,,,,,,,,,,,,2024-08-16,2900.0,CALL,GGAL
GFGC3000AG,6.0,345.65,,,,,,,,,,,,,2024-08-16,3000.0,CALL,GGAL
GFGC3300AG,5.0,243.65,,,,,,,,,,,,,2024-08-16,3300.0,CALL,GGAL
GFGC3450AG,4.0,181.65,,,,,,,,,,,,,2024-08-16,3450.0,CALL,GGAL
GFGC3900AG,4.0,62.25,,,,,,,,,,,,,2024-08-16,3900.0,CALL,GGAL
HARC1400AB,1.0,87.6,,,,,,,,,,,,,2024-04-19,1400.0,CALL,HARG
HARC1500AB,1.0,49.7,,,,,,,,,,,,,2024-04-19,1500.0,CALL,HARG
HARC1600AB,2.0,41.9,,,,,,,,,,,,,2024-04-19,1600.0,CALL,HARG
HARC1400JU,1.0,185.3,,,,,,,,,,,,,2024-06-19,1400.0,CALL,HARG
HARC1400AG,1.0,266.9,,,,,,,,,,,,,2024-08-16,1400.0,CALL,HARG
HARC1500AG,1.0,215.3,,,,,,,,,,,,,2024-08-16,1500.0,CALL,HARG
LOMC1360AB,1.0,225.0,,,,,,,,500.0,,,,,2024-04-19,1360.0,CALL,LOMA
LOMC1420AB,1.0,195.9,,,,,,,,,,,,,2024-04-19,1420.0,CALL,LOMA
LOMV1420AB,2.0,17.35,,,,,,,,10.25,,,,,2024-04-19,1420.0,PUT,LOMA
LOMC1480AB,1.0,168.9,,,,,,,,,,,,,2024-04-19,1480.0,CALL,LOMA
LOMV1480AB,1.0,31.9,,,,,,,,111.3,,,,,2024-04-19,1480.0,PUT,LOMA
LOMC1800AB,1.0,47.6,,,,,,,,,,,,,2024-04-19,1800.0,CALL,LOMA
LOMC2100AB,4.0,9.34,,,,,,,,,,,,,2024-04-19,2100.0,CALL,LOMA
LOMC2200AB,5.0,4.73,,,,,,,,,,,,,2024-04-19,2200.0,CALL,LOMA
LOMC1600JU,1.0,244.3,,,,,,,,,,,,,2024-06-19,1600.0,CALL,LOMA
LOMC1700JU,1.0,209.3,,,,,,,,,,,,,2024-06-19,1700.0,CALL,LOMA
LOMC1900JU,1.0,126.8,,,,,,,,,,,,,2024-06-19,1900.0,CALL,LOMA
LOMC2200JU,1.0,61.6,,,,,,,,,,,,,2024-06-19,2200.0,CALL,LOMA
PAMC1960MA,1.0,30.0,,,,,,,,,,,,,2024-03-15,1960.0,CALL,PAMP
PAMC2200MA,,,,,,,,,,80.0,,,,,2024-03-15,2200.0,CALL,PAMP
PAMC1240AB,2.0,800.0,,,,,,,,880.0,,,,,2024-04-19,1240.0,CALL,PAMP
PAMC1720AB,,,,,,,,,,850.0,,,,,2024-04-19,1720.0,CALL,PAMP
PAMV1720AB,,,,,,,,,,16.0,,,,,2024-04-19,1720.0,PUT,PAMP
PAMC1780AB,1.0,279.9,,,,,,,,,,,,,2024-04-19,1780.0,CALL,PAMP
PAMV1780AB,2.0,7.73,45.6,23.0,,,,,,29.5,,,,,2024-04-19,1780.0,PUT,PAMP
PAMC1840AB,1.0,275.0,482.0,2.0,,,,,,361.667,,,,,2024-04-19,1840.0,CALL,PAMP
PAMV1840AB,,,55.0,1.0,,,,,,70.0,,,,,2024-04-19,1840.0,PUT,PAMP
PAMC1900AB,1.0,221.9,381.36,20.0,,,,,,425.0,,,,,2024-04-19,1900.0,CALL,PAMP
PAMC1960AB,1.0,196.1,348.29,20.0,,,,,,,,,,,2024-04-19,1960.0,CALL,PAMP
PAMC2020AB,5.0,207.1,317.31,20.0,,,,,,269.4,,,,,2024-04-19,2020.0,CALL,PAMP
PAMV2020AB,1.0,80.0,402.6,10.0,,,,,,114.3,,,,,2024-04-19,2020.0,PUT,PAMP
PAMC2080AB,1.0,134.0,288.39,20.0,,,,,,800.0,,,,,2024-04-19,2080.0,CALL,PAMP
PAMV2080AB,1.0,85.0,,,,,,,,,,,,,2024-04-19,2080.0,PUT,PAMP
PAMC2140AB,1.0,110.0,262.13,20.0,,,,,,650.0,,,,,2024-04-19,2140.0,CALL,PAMP
PAMV2140AB,1.0,146.1,,,,,,,,,,,,,2024-04-19,2140.0,PUT,PAMP
PAMC2200AB,1.0,150.0,210.0,1.0,,,,,,159.0,,,,,2024-04-19,2200.0,CALL,PAMP
PAMV2200AB,,,,,,,,,,215.9,,,,,2024-04-19,2200.0,PUT,PAMP
PAMC2260AB,1.0,145.0,248.2,1.0,185.0,37.03,160.0,185.0,160.0,135.0,194500.0,12.0,3.0,2024-02-22 11:58:50,2024-04-19,2260.0,CALL,PAMP
PAMV2260AB,8.0,307.4,350.0,1.0,,,,,,381.1,,,,,2024-04-19,2260.0,PUT,PAMP
PAMC2380AB,1.0,44.4,,,,,,,,,,,,,2024-04-19,2380.0,CALL,PAMP
PAMC2490AB,2.0,27.1,,,,,,,,,,,,,2024-04-19,2490.0,CALL,PAMP
PAMC2600AB,,,,,,,,,,300.0,,,,,2024-04-19,2600.0,CALL,PAMP
PAMC2710AB,,,76.0,8.0,,,,,,76.0,,,,,2024-04-19,2710.0,CALL,PAMP
PAMC2820AB,2.0,41.0,46.0,27.0,46.0,15.0,40.0,46.0,32.7,40.0,167980.0,47.0,9.0,2024-02-22 11:58:41,2024-04-19,2820.0,CALL,PAMP
PAMC1960JU,1.0,356.2,,,,,,,,,,,,,2024-06-19,1960.0,CALL,PAMP
PAMV1960JU,1.0,50.3,,,,,,,,,,,,,2024-06-19,1960.0,PUT,PAMP
PAMC2020JU,1.0,333.2,,,,,,,,,,,,,2024-06-19,2020.0,CALL,PAMP
PAMC2080JU,1.0,310.2,,,,,,,,,,,,,2024-06-19,2080.0,CALL,PAMP
PAMC2140JU,1.0,289.1,2000.0,1.0,,,,,,330.0,,,,,2024-06-19,2140.0,CALL,PAMP
PAMV2200JU,1.0,80.46,,,,,,,,13.41,,,,,2024-06-19,2200.0,PUT,PAMP
PAMC2260JU,1.0,247.8,,,,,,,,,,,,,2024-06-19,2260.0,CALL,PAMP
PAMV2260JU,1.0,120.0,,,,,,,,20.0,,,,,2024-06-19,2260.0,PUT,PAMP
PAMC2320JU,1.0,214.1,,,,,,,,,,,,,2024-06-19,2320.0,CALL,PAMP
PAMC2380JU,1.0,187.6,,,,,,,,900.0,,,,,2024-06-19,2380.0,CALL,PAMP
PAMC2600JU,1.0,122.9,,,,,,,,300.0,,,,,2024-06-19,2600.0,CALL,PAMP
PAMC2820JU,1.0,75.9,500.0,1.0,,,,,,165.0,,,,,2024-06-19,2820.0,CALL,PAMP
PAMC3040JU,1.0,100.0,,,,,,,,180.0,,,,,2024-06-19,3040.0,CALL,PAMP
PAMC2200AG,1.0,375.8,,,,,,,,,,,,,2024-08-16,2200.0,CALL,PAMP
PAMC2260AG,1.0,354.5,,,,,,,,,,,,,2024-08-16,2260.0,CALL,PAMP
PAMC2380AG,1.0,316.3,,,,,,,,,,,,,2024-08-16,2380.0,CALL,PAMP
PAMC2490AG,1.0,282.6,,,,,,,,,,,,,2024-08-16,2490.0,CALL,PAMP
PAMC2710AG,1.0,200.2,,,,,,,,450.0,,,,,2024-08-16,2710.0,CALL,PAMP
SAMC200.AB,,,,,,,,,,591.0,,,,,2024-04-19,200.0,CALL,SAMI
SUPC430.AB,,,,,,,,,,670.0,,,,,2024-04-19,430.0,CALL,SUPV
SUPC450.AB,,,,,,,,,,650.0,,,,,2024-04-19,450.0,CALL,SUPV
SUPC470.AB,,,,,,,,,,630.0,,,,,2024-04-19,470.0,CALL,SUPV
SUPC490.AB,,,,,,,,,,610.0,,,,,2024-04-19,490.0,CALL,SUPV
SUPC510.AB,,,574.0,9.0,568.0,-20.13,568.0,568.0,568.0,711.2,56800.0,1.0,1.0,2024-02-22 11:29:47,2024-04-19,510.0,CALL,SUPV
SUPC1000AB,1.0,96.2,,,,,,,,,,,,,2024-04-19,1000.0,CALL,SUPV
SUPV1000AB,1.0,32.5,83.4,2.0,,,,,,38.0,,,,,2024-04-19,1000.0,PUT,SUPV
SUPC1100AB,1.0,56.5,,,,,,,,,,,,,2024-04-19,1100.0,CALL,SUPV
SUPV1100AB,1.0,35.0,,,,,,,,,,,,,2024-04-19,1100.0,PUT,SUPV
SUPC1400AB,4.0,9.4,,,,,,,,12.5,,,,,2024-04-19,1400.0,CALL,SUPV
SUPC1500AB,7.0,4.53,38.4,1.0,,,,,,,,,,,2024-04-19,1500.0,CALL,SUPV
SUPC1600AB,13.0,2.05,27.47,2.0,,,,,,,,,,,2024-04-19,1600.0,CALL,SUPV
SUPC840.JU,,,,,,,,,,450.0,,,,,2024-06-19,840.0,CALL,SUPV
SUPV1000JU,,,,,,,,,,15.27,,,,,2024-06-19,1000.0,PUT,SUPV
SUPC1200JU,1.0,105.7,,,,,,,,,,,,,2024-06-19,1200.0,CALL,SUPV
SUPC1300JU,1.0,80.5,,,,,,,,,,,,,2024-06-19,1300.0,CALL,SUPV
SUPC1500JU,1.0,46.2,,,,,,,,,,,,,2024-06-19,1500.0,CALL,SUPV
SUPC1600JU,2.0,33.0,,,,,,,,,,,,,2024-06-19,1600.0,CALL,SUPV
SUPC1100AG,1.0,197.7,,,,,,,,,,,,,2024-08-16,1100.0,CALL,SUPV
SUPC1200AG,1.0,167.9,,,,,,,,,,,,,2024-08-16,1200.0,CALL,SUPV
SUPC1300AG,1.0,131.3,,,,,,,,,,,,,2024-08-16,1300.0,CALL,SUPV
SUPC1400AG,1.0,99.0,,,,,,,,,,,,,2024-08-16,1400.0,CALL,SUPV
SUPC1500AG,1.0,78.1,,,,,,,,,,,,,2024-08-16,1500.0,CALL,SUPV
SUPC1600AG,1.0,60.8,,,,,,,,,,,,,2024-08-16,1600.0,CALL,SUPV
TGNC1900AB,10.0,360.0,520.0,20.0,,,,,,415.0,,,,,2024-04-19,1900.0,CALL,TGNO4
TGNC2300AB,1.0,50.0,220.0,15.0,,,,,,,,,,,2024-04-19,2300.0,CALL,TGNO4
TGNC2300JU,,,350.0,9.0,,,,,,250.0,,,,,2024-06-19,2300.0,CALL,TGNO4
TGSC2500AB,5.0,821.6,984.04,10.0,,,,,,1020.0,,,,,2024-04-19,2500.0,CALL,TGSU2
TGSC2600AB,5.0,736.1,782.49,20.0,,,,,,1500.0,,,,,2024-04-19,2600.0,CALL,TGSU2
TGSV2600AB,,,,,,,,,,7.0,,,,,2024-04-19,2600.0,PUT,TGSU2
TGSC2700AB,,,716.01,20.0,,,,,,800.0,,,,,2024-04-19,2700.0,CALL,TGSU2
TGSC3600AB,5.0,0.5,511.0,10.0,,,,,,,,,,,2024-04-19,3600.0,CALL,TGSU2
TGSV3600AB,,,,,,,,,,64.9,,,,,2024-04-19,3600.0,PUT,TGSU2
TGSV2600JU,,,101.2,83.0,,,,,,23.3,,,,,2024-06-19,2600.0,PUT,TGSU2
TRAC500.AB,,,,,,,,,,860.0,,,,,2024-04-19,500.0,CALL,TRAN
TRAC650.AB,,,842.0,2.0,,,,,,795.0,,,,,2024-04-19,650.0,CALL,TRAN
TRAC1000AB,5.0,508.6,560.7,10.0,,,,,,,,,,,2024-04-19,1000.0,CALL,TRAN
TRAC1100AB,5.0,423.0,497.0,10.0,,,,,,,,,,,2024-04-19,1100.0,CALL,TRAN
TRAC1200AB,5.0,348.5,438.8,10.0,,,,,,,,,,,2024-04-19,1200.0,CALL,TRAN
TRAC1300AB,5.0,252.0,386.2,10.0,,,,,,,,,,,2024-04-19,1300.0,CALL,TRAN
TRAV1300AB,2.0,10.0,,,,,,,,,,,,,2024-04-19,1300.0,PUT,TRAN
TRAC1400AB,5.0,166.4,310.0,9.0,310.0,,310.0,310.0,310.0,,341000.0,11.0,1.0,2024-02-22 11:52:47,2024-04-19,1400.0,CALL,TRAN
TRAV1400AB,5.0,27.7,266.6,10.0,,,,,,,,,,,2024-04-19,1400.0,PUT,TRAN
TRAV1500AB,2.0,15.0,,,,,,,,110.0,,,,,2024-04-19,1500.0,PUT,TRAN
TRAC1700AB,10.0,60.0,180.0,20.0,,,,,,70.0,,,,,2024-04-19,1700.0,CALL,TRAN
TRAV1100JU,,,13.45,63.0,,,,,,3.5,,,,,2024-06-19,1100.0,PUT,TRAN
TRAC2000JU,,,200.0,30.0,,,,,,390.0,,,,,2024-06-19,2000.0,CALL,TRAN
TXAC800.AB,1.0,127.25,175.0,15.0,125.0,-28.57,192.0,192.0,125.0,175.0,719700.0,38.0,3.0,2024-02-22 11:50:33,2024-04-19,800.0,CALL,TXAR
TXAV800.AB,5.0,4.2,146.7,10.0,,,,,,28.0,,,,,2024-04-19,800.0,PUT,TXAR
TXAC850.AB,10.0,80.0,181.7,10.0,90.0,-77.5,90.0,90.0,90.0,400.0,423000.0,47.0,2.0,2024-02-22 11:24:59,2024-04-19,850.0,CALL,TXAR
TXAV850.AB,1.0,50.5,177.1,10.0,,,,,,35.0,,,,,2024-04-19,850.0,PUT,TXAR
TXAC900.AB,5.0,28.8,120.0,10.0,,,,,,120.0,,,,,2024-04-19,900.0,CALL,TXAR
TXAV900.AB,1.0,30.001,,,,,,,,50.0,,,,,2024-04-19,900.0,PUT,TXAR
TXAC950.AB,5.0,1.6,144.3,10.0,,,,,,,,,,,2024-04-19,950.0,CALL,TXAR
TXAV950.AB,1.0,45.0,,,,,,,,,,,,,2024-04-19,950.0,PUT,TXAR
TXAC1000AB,8.0,70.0,80.0,5.0,70.0,25.84,60.0,70.0,60.0,55.625,479900.0,70.0,8.0,2024-02-22 11:58:00,2024-04-19,1000.0,CALL,TXAR
TXAC1100AB,,,100.0,22.0,,,,,,41.1,,,,,2024-04-19,1100.0,CALL,TXAR
TXAC1150AB,1.0,11.5,,,,,,,,,,,,,2024-04-19,1150.0,CALL,TXAR
TXAV1150AB,,,,,,,,,,49.1,,,,,2024-04-19,1150.0,PUT,TXAR
TXAC1350AB,3.0,10.0,44.0,1.0,,,,,,12.75,,,,,2024-04-19,1350.0,CALL,TXAR
TXAC800.JU,48.0,150.0,,,,,,,,,,,,,2024-06-19,800.0,CALL,TXAR
TXAC1000JU,,,,,,,,,,220.0,,,,,2024-06-19,1000.0,CALL,TXAR
TXAC1200JU,,,,,,,,,,170.0,,,,,2024-06-19,1200.0,CALL,TXAR
YPFC18100M,,,,,,,,,,2660.0,,,,,2024-03-15,18100.0,CALL,YPFD
YPFV7600AB,,,11.0,4.0,,,,,,6.5,,,,,2024-04-19,7600.0,PUT,YPFD
YPFC16000A,,,,,,,,,,8140.0,,,,,2024-04-19,16000.0,CALL,YPFD
YPFV16000A,10.0,25.0,,,,,,,,45.0,,,,,2024-04-19,16000.0,PUT,YPFD
YPFC16700A,,,,,,,,,,6350.0,,,,,2024-04-19,16700.0,CALL,YPFD
YPFV16700A,1.0,4.83,187.5,1.0,,,,,,65.044,,,,,2024-04-19,16700.0,PUT,YPFD
YPFC17400A,,,7999.9,1.0,,,,,,6500.0,,,,,2024-04-19,17400.0,CALL,YPFD
YPFV17400A,,,280.0,20.0,,,,,,101.087,,,,,2024-04-19,17400.0,PUT,YPFD
YPFC18100A,2.0,3810.0,5000.0,3.0,,,,,,3653.69,,,,,2024-04-19,18100.0,CALL,YPFD
YPFV18100A,1.0,93.0,750.0,10.0,,,,,,,,,,,2024-04-19,18100.0,PUT,YPFD
YPFV18800A,30.0,95.0,645.0,1.0,590.0,-32.76,590.0,590.0,590.0,877.46,59000.0,1.0,1.0,2024-02-22 11:27:19,2024-04-19,18800.0,PUT,YPFD
YPFC19700A,1.0,2574.27,3990.2,2.0,3400.0,,3400.0,3400.0,3400.0,,9860000.0,29.0,1.0,2024-02-22 12:02:30,2024-04-19,19700.0,CALL,YPFD
YPFV19700A,2.0,700.0,1050.0,10.0,,,,,,700.0,,,,,2024-04-19,19700.0,PUT,YPFD
YPFV20600A,5.0,990.5,4199.8,10.0,,,,,,590.0,,,,,2024-04-19,20600.0,PUT,YPFD
YPFC21500A,15.0,2100.0,2500.0,1.0,2300.0,12.19,2200.0,2300.0,2200.0,2050.0,900000.0,4.0,3.0,2024-02-22 12:00:08,2024-04-19,21500.0,CALL,YPFD
YPFC22400A,5.0,2000.0,2200.0,2.0,2000.0,12.67,1999.9,2000.0,1999.9,1775.0,799990.0,4.0,3.0,2024-02-22 11:59:59,2024-04-19,22400.0,CALL,YPFD
YPFC23500A,2.0,900.0,1450.0,2.0,,,,,,825.0,,,,,2024-04-19,23500.0,CALL,YPFD
YPFV23500A,3.0,4000.0,4700.0,10.0,4000.0,,,,,4000.0,,,,2024-02-22 12:01:55,2024-04-19,23500.0,PUT,YPFD
YPFC25700A,10.0,750.0,830.0,3.0,,,,,,715.0,,,,,2024-04-19,25700.0,CALL,YPFD
YPFC26800A,99.0,610.0,699.0,2.0,700.0,27.27,570.0,700.0,570.0,550.0,662000.0,11.0,6.0,2024-02-22 12:00:17,2024-04-19,26800.0,CALL,YPFD
YPFC27900A,1.0,163.29,699.9,1.0,,,,,,,,,,,2024-04-19,27900.0,CALL,YPFD
YPFC30100A,1.0,60.0,350.0,34.0,,,,,,170.43,,,,,2024-04-19,30100.0,CALL,YPFD
YPFV15300J,,,175.9,1.0,,,,,,64.8,,,,,2024-06-19,15300.0,PUT,YPFD
YPFV16000J,,,248.9,21.0,,,,,,108.3,,,,,2024-06-19,16000.0,PUT,YPFD
YPFV20600J,,,,,,,,,,250.0,,,,,2024-06-19,20600.0,PUT,YPFD
YPFC23500J,,,,,,,,,,4500.0,,,,,2024-06-19,23500.0,CALL,YPFD
YPFC24600J,,,6000.0,1.0,,,,,,3000.0,,,,,2024-06-19,24600.0,CALL,YPFD
YPFC27900J,3.0,10.0,,,,,,,,,,,,,2024-06-19,27900.0,CALL,YPFD
YPFC29000J,5.0,10.0,,,,,,,,,,,,,2024-06-19,29000.0,CALL,YPFD
YPFC30100J,1.0,120.0,,,,,,,,,,,,,2024-06-19,30100.0,CALL,YPFD
